OBJECTID,ID,P_UST,P_LDPNT_D2,P_DSLPM_D2,P_CANCR_D2,P_RESP_D2,P_PTRAF_D2,P_PWDIS_D2,P_PNPL_D2,P_PRMP_D2,P_PTSDF_D2,P_OZONE_D2,P_PM25_D2,P_UST_D2
40201,110010001001,80.03295916,3.351675189,9.507594607,22.60199156,22.3955709,2.164160432,24.1507608,17.94136523,32.71545407,0.36191531,33.797946,33.34599053,7.603902431
40202,110010001002,80.711635,1.498074294,5.219487744,14.89512041,14.82228595,0.266163548,17.99742926,12.34263668,26.44586118,0.177399142,25.52997427,25.03221591,4.997928731
40203,110010001003,80.19102755,1.595070405,6.214983413,16.95889195,16.84887731,1.161087785,24.23540598,14.22315545,29.74954118,0.213815937,27.86786723,27.38865766,5.805250034
40204,110010001004,83.94465327,10.3953453,15.19076398,30.48257293,30.19491643,0.539122506,17.61344533,21.45612229,38.56481381,0.426230723,40.91374288,40.52961742,8.343214297
40205,110010002011,88.4586651,62.92312043,82.99962216,73.19568735,73.74499743,82.14500563,83.71295339,79.81231185,68.72549592,96.30333336,73.86443285,73.22801824,86.86491079
40206,110010002021,95.33863357,5.725569528,6.53777714,17.28336522,17.1703238,2.065639567,23.00893947,15.94672071,25.35954637,0.303592893,28.22759251,27.73515258,0.907830351
40207,110010002022,85.32298501,5.551221759,13.25722962,27.67860851,27.39160748,2.368059934,21.01913623,21.29825205,38.28664435,0.451610869,38.58998094,38.12790606,6.689438263
40208,110010002023,84.49280844,28.73486277,39.34677609,51.0617871,50.94701309,6.637506024,25.0072823,40.75820124,52.1182509,4.170565737,54.43353603,54.4255683,20.82645743
40209,110010002024,69.56582565,70.57393243,65.97842057,62.22083356,62.17642789,80.28081843,79.50047611,66.32478217,60.87282684,85.21353129,61.92453076,61.86796079,69.27185971
40210,110010003001,95.91784208,7.950504475,11.1533929,22.77760633,22.57717917,3.041759986,29.13499199,19.85290899,33.25369327,0.423326294,33.882849,33.4993644,1.161626625
40211,110010003002,16.24488857,4.986204921,12.36288593,24.42447167,24.22619905,36.42793324,27.65421954,22.40972354,30.54444969,0.909042791,35.49315595,35.08474069,63.67139863
40212,110010003003,84.67243918,70.74328807,63.83553267,61.17232109,61.15153912,64.77797968,74.21191688,64.00404526,60.67600305,80.51323202,61.1351757,61.1011063,70.89096338
40213,110010003004,88.60838239,0.306067161,3.690709159,9.622262826,9.567672573,2.881782621,27.86005163,12.74889735,21.82135664,0.259818842,18.61779299,18.14341788,1.568951576
40214,110010004001,81.02284368,16.5503079,27.35382091,41.24546378,40.8157456,4.459003547,33.91506538,32.6692902,40.32997153,2.091187302,48.45469752,48.31671498,14.76481186
40215,110010004002,82.03494051,26.67697992,25.02407879,38.91816522,38.52506869,5.238180873,28.8358831,29.71537062,34.92638788,1.231714008,46.97617572,46.75756749,12.96662346
40216,110010005011,69.0811402,17.16879709,24.28945318,38.00118288,37.60364649,5.416724148,23.13624364,28.31533568,37.55556592,0.888839828,46.3286198,46.09043655,19.69835323
40217,110010005012,74.99389954,7.864049,2.18320766,5.781377196,5.831279417,1.313920696,20.65131343,8.424322171,18.0435434,0.10097122,12.5753993,12.20634646,3.808269653
40218,110010005021,16.24488857,1.901740585,6.498795165,14.45023268,14.38643282,3.043295214,23.91062208,14.66034447,21.68544416,0.272423705,24.84466721,24.42752773,63.67139863
40219,110010005022,16.24488857,0.214263475,3.228766827,7.95403747,7.94638211,1.832241746,22.77403849,10.77178764,16.14683794,0.169343139,16.13472269,15.6687258,63.67139863
40220,110010006001,75.57636399,5.290571861,17.95288856,29.96245047,35.19366912,3.034670259,29.73468639,26.01046871,26.98016826,0.867011335,40.36407756,40.04457661,12.58210013
40221,110010006002,55.16454518,4.985015041,14.8006668,26.08463253,31.60792559,4.514428274,28.6135,22.91271997,24.2701305,0.484376624,36.97291729,36.6260438,21.85697713
40222,110010006003,63.76273374,16.06118699,20.85689523,33.28565506,38.1189294,5.512181876,33.2136584,28.0935869,34.33136643,0.941331741,42.91927132,42.66214274,20.20585249
40223,110010006004,90.96762074,0.284650844,3.877736542,8.854467035,13.37690903,1.124537284,27.48447129,13.30804985,19.17184119,0.245717711,17.43026982,17.02037132,1.047861526
40224,110010007011,68.55652197,21.30394628,35.61065854,50.14797849,49.28787325,5.674874923,37.22211888,38.63949121,45.90914891,3.946075634,51.85972559,51.81092276,25.40321067
40225,110010007012,89.21521301,12.07042973,23.06125345,41.3199598,39.61314148,9.295267324,34.93555972,29.79473833,35.77810821,1.958535029,44.23182602,43.99468637,6.844044936
40226,110010007013,94.7656028,2.615478718,3.803707588,13.94451729,12.43230368,4.070816315,29.23268232,12.58364944,18.01796357,0.333200574,16.35895443,15.89721099,0.445081924
40227,110010007014,86.73851919,14.06884632,18.43770429,36.81883726,34.94853599,2.095441749,32.97695756,25.69251982,34.3125381,1.112092187,40.1520084,39.80626501,6.565476718
40228,110010007021,70.99688588,5.146057981,9.929499189,18.99458559,24.61047438,20.65480063,29.01251436,19.48425164,25.90188689,0.718690936,29.97586029,29.54112229,10.52608669
40229,110010007022,93.04192199,78.41843758,69.98729,65.84028262,64.44519694,81.96795304,73.20362714,69.99002202,64.07975432,87.9590054,64.77431744,64.55967493,81.00225019
40230,110010007023,91.74420851,35.95715635,48.22989448,54.27132986,55.13191465,29.60180172,40.79230081,48.88132094,53.04474405,12.9720671,56.38243528,56.3946797,20.81233282
40231,110010008011,82.20336815,42.24562636,38.10459214,50.81574057,50.08973098,18.27156501,32.32635746,40.59322983,44.02764727,7.11149968,52.49308879,52.46743109,18.7583013
40232,110010008012,52.26698866,15.6076,18.02425719,34.76731796,32.84874951,13.70928028,22.27889157,26.01786164,25.97932452,2.165620506,38.26253241,37.85474964,24.11819077
40233,110010008013,67.54171063,1.725408768,4.902489957,15.06132436,13.48788615,2.052716931,21.95324129,14.1363442,15.54472629,0.514870846,17.61527742,17.15389455,7.844860621
40234,110010008014,53.68227101,3.911306319,15.28785261,31.55317406,29.56033611,6.411494794,19.00351292,23.70138671,26.12935429,1.372177784,35.02865376,34.62795168,21.85415349
40235,110010008021,46.26045164,11.78707395,12.63737832,21.48955027,27.08305437,2.835780211,17.4545579,20.57815661,30.02956756,1.176511863,32.56499447,32.12962647,25.28911053
40236,110010008022,80.39923584,2.815627648,10.84911593,19.01864007,24.63017344,2.185751614,18.71853861,18.5515963,29.53200378,0.717178816,30.05066559,29.58196174,6.338357172
40237,110010009011,44.32948049,3.177272545,7.435526261,20.25511223,18.39437635,4.998103143,19.54109849,18.9577649,7.014198401,0.899398146,23.1199563,22.70098354,23.02201151
40238,110010009012,67.79857535,6.708410799,5.128014567,15.703739,14.07978304,6.347249112,47.99797063,16.72969231,6.190590099,0.735474556,18.25255922,17.77292117,7.987920305
40239,110010009013,59.16320327,0.017357067,1.001265086,3.954357221,3.399019489,0.805994008,32.75135919,7.353243807,5.430736567,0.296199357,4.657996427,4.435565088,5.764400532
40240,110010009021,16.24488857,11.65919217,18.66764102,34.89346922,32.98299393,9.281217688,21.6777523,27.05931556,21.02633442,3.43380283,38.37465728,37.9872733,63.67139863
40241,110010009022,54.32306245,1.017093843,6.130290916,17.09041812,15.3782255,1.402623106,14.68139731,17.06256515,5.893448715,1.129034031,19.79330954,19.35571203,15.27001154
40242,110010010011,95.74238461,6.120584114,18.21361472,35.09484362,33.19726811,4.107322907,51.81582984,28.8438656,30.56444473,2.588460543,38.5067723,38.14252384,1.700053926
40243,110010010012,80.45208078,3.830844449,5.789696266,17.0835036,15.370486,2.328600933,51.19355738,17.01807589,18.38016972,0.55908451,19.69567813,19.31267378,3.833201345
40244,110010010013,62.88975105,2.489814514,11.5491659,26.72646943,24.81951481,7.657792307,51.29449697,23.4436699,19.20129583,1.720334629,30.0658154,29.67511523,14.62654706
40245,110010010014,75.59725228,0.725825644,6.355375594,18.30706103,16.55997997,2.295392297,51.96462761,17.16113283,17.7381817,0.738218018,20.98223409,20.61241141,5.792147024
40246,110010010015,16.24488857,1.501377484,10.81092663,25.69889381,23.75850224,5.996890835,50.53602803,22.98172235,20.97568571,1.844666582,28.96726762,28.57367136,63.67139863
40247,110010010016,62.53699047,1.355167346,10.32846818,24.92904836,23.04168975,7.639263625,51.92972209,21.8371897,17.87032912,1.152263978,28.15363454,27.79071275,14.07667612
40248,110010010021,90.7251294,90.36072854,83.37495769,75.91577146,76.57503521,93.36016298,75.48642745,79.57935723,74.2865242,93.73095586,76.83014239,75.90238531,90.09448319
40249,110010010022,86.51461686,17.62475744,14.02505071,30.95085662,28.98793403,3.008243668,32.30987671,22.98955794,29.09711587,0.763303971,34.42463372,34.06824602,4.912562226
40250,110010010023,89.49870324,3.732956004,14.41880759,31.50301849,29.50657389,4.677588731,33.51375926,23.89774193,28.02761486,1.210829676,34.93158911,34.57137335,3.708762995
40251,110010011001,91.92190489,0.467285397,3.009074438,10.16351207,8.915177917,0.49333996,49.55741698,13.27397776,19.33031627,0.373440044,11.92315464,11.66184269,0.593261476
40252,110010011002,95.23605633,4.041362074,10.49478035,24.82189465,22.94455356,2.481334253,50.89949988,22.25364346,26.69365927,0.987762978,27.98337029,27.68514369,0.928445488
40253,110010011003,97.74178865,12.95528378,25.66312306,42.18224822,40.51728897,1.948772657,53.81970146,32.86978789,40.50450221,2.435636099,44.9372116,44.76150831,1.676802029
40254,110010011004,95.42928426,6.181850897,14.38629776,30.18760283,28.24332931,2.054561431,52.68232855,24.63274944,30.07877488,1.219922823,33.54812166,33.2886498,1.293656977
40255,110010012001,91.88124136,3.553363373,9.424600863,24.81980566,22.94261335,1.06250042,30.6416081,20.48553102,28.73212419,0.803199556,28.03320122,27.6955164,1.802078752
40256,110010012002,41.25955781,11.88051261,22.31984015,40.35986964,38.59549801,6.017195927,33.79798506,30.29730461,38.54930117,2.338766505,43.30293078,43.07005387,32.64604897
40257,110010012003,83.02309158,4.450470779,12.99359802,29.93240798,27.9770005,3.231102988,31.49751982,23.15266846,30.85370968,1.000739469,33.34080169,33.03934726,6.162693005
40258,110010012004,87.30137759,1.269697797,9.199769534,24.47787688,22.59139692,2.314874888,30.91540649,19.77314953,25.8394787,0.767282737,27.66078816,27.33466598,3.160962072
40259,110010013011,38.00385622,18.21814208,25.07189538,37.06849348,41.31789946,11.55891303,32.01798993,31.87465577,42.38541273,2.663937294,45.61781937,45.46584595,35.37783687
40260,110010013012,92.00287985,4.179683883,12.90270197,22.51276073,28.10246976,7.588847398,29.9067051,23.65229707,34.58421702,1.286082352,33.42958764,33.14834319,2.459954712
40261,110010013013,83.00388278,7.357044838,9.467860816,17.63950778,23.24152332,2.190565068,29.55847178,20.44888131,30.10568757,0.826751439,28.34767642,28.02114964,4.872783708
40262,110010013021,66.10014604,36.55648643,3.00071482,6.975119575,7.013645459,3.529525719,23.92631805,11.82149755,13.28838009,0.229900201,14.57854291,14.15357366,7.407479841
40263,110010013022,66.31001065,0.443737478,1.83135222,4.41449318,4.421946715,0.861630964,18.53170028,8.369660549,16.88417581,0.092596329,9.916954351,9.637161202,5.716328218
40264,110010013023,56.22210134,45.86764944,54.37445162,56.67843593,56.68231971,35.04837387,40.04146927,54.5271371,55.36656535,21.73742025,57.92046933,57.93106434,41.56844617
40265,110010014011,90.62566755,4.135385162,15.07561041,22.62522532,28.21871753,2.666801164,35.11733622,25.14413052,34.33746522,1.551806999,33.4984504,33.24498216,3.008350422
40266,110010014012,55.5101055,0.457254797,6.582090124,10.87046467,15.79920053,4.486611865,51.11539261,18.17265652,26.77827246,0.714071957,20.06837519,19.75039778,14.76089163
40267,110010014021,50.07677486,3.70235569,16.81594493,25.39064649,30.93005423,4.837260323,29.20709753,26.29849927,38.13162581,2.301294276,36.22556681,35.96565314,24.53673285
40268,110010014022,87.84532139,16.41190926,21.44174375,30.94033027,36.07091766,4.310889909,31.21342005,29.35292942,40.38190615,2.892802485,41.05591314,40.81438083,6.316525326
40269,110010014023,96.54899863,27.84485684,33.79444356,44.04125456,47.08794301,3.460964218,45.55142553,38.66623531,46.28558881,5.651108886,50.12291969,50.08499803,4.465279192
40270,110010015001,30.414486,1.944232688,12.8190061,26.45142065,24.52659589,32.96015198,25.18518253,23.42875052,37.08146897,2.010992492,29.6438365,29.39286904,35.40619705
40271,110010015002,39.24847417,1.43636424,12.0521548,25.38185182,23.46554369,36.1680417,29.81901467,22.52194939,33.76226382,1.586566253,28.51703535,28.28590769,28.66257915
40272,110010015003,39.80105808,5.387587484,20.38468172,35.56495655,33.68633225,44.56624819,29.02740243,28.88297983,41.6378531,3.614515832,38.86685165,38.62425869,31.82634475
40273,110010015004,35.33884398,0.801682253,6.765174584,17.09511042,15.3849446,42.24002758,25.95211081,18.16820796,30.83823819,1.084942922,19.59826964,19.34007918,28.69901668
40274,110010015005,16.24488857,0.435097052,6.627506443,16.88774313,15.18812866,31.99668279,28.31327583,18.02992609,28.52964885,0.989240649,19.37563957,19.09604578,63.67139863
40275,110010016001,81.35335018,82.54477045,70.24126139,67.06804578,65.462627,81.47609326,76.13061515,68.86721786,62.29656091,86.29508139,65.79836066,65.53370647,76.20200191
40276,110010016002,81.00359921,74.82067915,64.85494319,62.6017373,61.7244357,73.7066045,72.99624546,64.51141831,60.54856485,79.90072303,62.26054043,62.16281818,71.78587608
40277,110010016003,76.31882326,46.16951255,56.72385347,57.4689161,57.60144134,42.18926358,42.41564224,56.88270095,57.74209498,37.17118922,58.46487791,58.47143216,40.75554039
40278,110010016004,44.06203459,82.98830428,71.98585895,68.71769644,66.82712081,78.30520777,78.45795319,70.05390026,62.78886458,85.24986363,67.086318,66.74357828,68.59806229
40279,110010017021,88.06508246,14.43932127,24.45707936,39.83302289,38.05528686,7.919606946,32.73832356,30.41947051,43.17871095,2.923477186,42.74424949,42.68193851,6.923623313
40280,110010017022,56.37408985,69.8573039,61.41833834,59.71451998,59.80121245,66.66509665,68.83199359,61.64753208,59.53742071,73.25196019,60.41675355,60.38797095,66.19254756
40281,110010018031,64.59021349,94.13997951,85.88652332,84.90622313,80.99697888,95.50416213,81.81204428,82.01108987,71.00642535,95.21930716,81.60201851,80.31437772,80.81765933
40282,110010018032,83.86494959,99.83315277,97.24324211,98.29383625,96.76090316,99.48421199,84.6165143,92.8810138,81.35111858,99.30071085,97.29488529,96.21438961,96.41369314
40283,110010018041,94.35990551,96.19299675,88.67701083,88.48189182,88.14585258,95.76196482,81.37380472,84.18521178,72.88668986,96.79850335,85.20044667,83.76788371,95.9492265
40284,110010018042,97.18177309,99.32717387,94.19382017,95.37789807,95.07539578,98.51824794,81.90884328,89.33545492,77.60090764,98.93641456,93.21037769,91.6273512,98.93679045
40285,110010018043,98.51629268,99.56342101,95.83093445,96.98789482,96.80109701,99.14401072,83.03555938,91.27936872,79.87482919,99.05281245,95.40414807,94.04848318,99.58060278
40286,110010019011,92.90115914,88.24499184,76.28127728,70.22093246,70.66656775,86.44631477,76.0301262,75.89707585,67.27865049,91.14069144,70.89169966,70.31882472,87.72166867
40287,110010019012,97.43619525,91.90830861,81.5338471,75.3884668,76.03868161,83.03103573,77.18284236,79.6607654,69.71408477,93.66108828,76.32426129,75.34685341,95.33821987
40288,110010019013,94.49382997,90.89396311,78.34431011,72.13613024,72.66428458,80.42530161,76.36453233,77.08914335,67.65882221,92.06547156,72.84988152,72.19091147,90.64057871
40289,110010019014,94.31409406,80.62044287,67.96029377,63.61448116,63.86248801,76.58367676,73.26821135,68.14075262,62.47885158,83.94470936,64.2630869,64.0606079,81.21292512
40290,110010019021,90.56128111,93.22442911,81.65060065,75.38147118,79.07947199,85.00922016,76.43942108,79.98893177,70.24357166,93.86472606,76.30181622,75.33842186,89.6663742
40291,110010019022,16.24488857,89.61631693,77.78768215,71.53518534,74.66040998,80.14076179,75.31191613,76.72604974,67.47025106,90.8612504,72.18311891,71.57084218,63.67139863
40292,110010020011,94.35120899,99.25681028,96.11979429,97.07780156,94.89999198,99.26450872,83.5320478,91.71733606,80.70479937,99.15468729,95.50834582,94.18576472,98.53981042
40293,110010020012,71.8238306,77.66136257,66.74743403,63.98648931,62.87308066,83.14047755,76.57713815,67.17790639,62.23469538,81.78219785,63.33085066,63.1758373,71.094221
40294,110010020021,86.44570015,74.92043031,63.84855928,61.56865658,61.53706137,76.61360716,72.0879292,64.56444861,62.72274042,78.92133829,61.44976283,61.39274795,71.94159428
40295,110010020022,88.31004167,97.68615208,90.27988788,89.08690738,88.76798615,97.15004065,80.76122069,85.72121316,75.34792957,97.43226495,85.79225423,84.39284512,92.99446062
40296,110010020023,77.80813579,92.86071663,81.98031042,78.48682603,78.19441839,93.57109143,78.30510504,79.90283329,72.52557085,95.26559999,75.44301895,74.58243552,82.52189902
40297,110010021011,93.4282806,94.84503484,86.29913263,84.59186066,84.26352099,94.12218362,78.61706594,83.17134125,73.28764287,96.30150509,81.24182569,80.01486383,94.07141156
40298,110010021012,87.31368278,94.66820609,86.00492501,84.24954805,83.92100534,89.02100484,78.06991436,83.21052529,75.70219099,96.27219557,80.91754484,79.7025214,90.24701283
40299,110010021013,93.9341211,92.16546814,80.81899586,77.85513408,77.6166045,80.59323639,76.63052513,79.73286122,75.48225066,94.26634215,74.89175351,74.06064749,91.42422283
40300,110010021014,86.24202152,72.55748421,62.07477867,60.50383737,60.47409975,70.69243947,70.23184979,62.69219772,61.34884138,77.56304214,60.65098626,60.62353622,70.24150164
40301,110010021015,95.24223956,87.93026444,79.44351777,76.28517173,76.10587654,89.63187353,77.08403993,78.38521758,69.43086465,93.78018391,73.43906707,72.76510873,91.7471544
40302,110010021021,96.47965146,86.64280716,75.53832041,69.19949271,71.89918936,90.53156572,74.48403011,75.45614159,70.68471384,91.40902754,69.84963504,69.36657321,90.40842343
40303,110010021022,97.61927033,85.69691589,77.49311509,71.01255956,74.00944579,95.24340481,74.58980304,77.50258538,73.47155572,92.38714862,71.61192749,71.05849239,93.25787197
40304,110010021023,98.5167015,93.7495778,84.71686133,78.45465187,82.49929753,96.2892936,76.54978841,82.77372344,78.43393529,97.25971405,79.53226521,78.40119481,97.39031734
40305,110010021024,96.84641317,90.14227594,79.09974482,72.52388783,75.87235236,91.89201128,75.44140733,78.62589774,74.47450636,94.15211854,73.21589876,72.55840667,93.23742755
40306,110010021025,94.80013584,82.02083511,69.98818785,64.8305506,66.5960219,75.77262302,73.03643088,71.05837247,67.91071584,86.10369544,65.4469581,65.22341992,83.57191654
40307,110010021026,91.4578986,89.22871295,79.52383412,72.93760779,76.3684048,88.94361793,75.97619836,78.76409425,74.40077982,93.45330894,73.67265211,72.97877709,88.65279452
40308,110010022011,89.68343372,76.20505572,64.86943471,62.172956,62.14127726,69.25717663,71.01637002,65.56760717,63.95162316,79.83771822,61.90992569,61.83494769,73.96781255
40309,110010022012,77.61543771,91.47960545,80.96930251,76.93086345,76.72738207,89.07887161,76.41778421,79.72198188,76.16859747,94.06457806,74.01422514,73.30188629,81.55661542
40310,110010022013,87.29826616,83.3748327,72.16943761,67.92427821,67.7886268,84.25797188,74.43511513,72.34708091,69.01288473,88.4048132,66.42730826,66.14470893,79.52295698
40311,110010022021,82.23274871,97.03875792,89.95032689,83.85179277,88.17434326,95.13668504,77.461402,86.70906485,82.76551958,97.09268208,85.12486224,83.79367845,89.81492477
40312,110010022022,68.88388441,87.62324306,77.61872642,70.36350265,73.27233455,83.60046919,74.93406035,77.52553546,74.29243062,91.87955699,70.97782423,70.4623852,76.482938
40313,110010022023,68.33835015,74.9042366,63.99402272,60.82213818,61.59682349,69.04166731,70.22291078,64.78826649,63.42721895,78.23456651,61.49207156,61.43820204,68.59506823
40314,110010023011,40.91000256,89.54222791,79.73979151,74.74650428,74.51825777,83.27058242,75.10431003,79.0445389,76.97424873,93.93737674,72.01325709,71.46757548,69.69519668
40315,110010023012,40.90769963,79.84472214,68.77573572,64.70090672,64.6158935,70.2716526,71.6152334,69.72530494,68.18683296,84.8732774,63.86032832,63.72319095,66.81783032
40316,110010023021,81.31046511,80.67437953,74.66933727,69.58047358,69.40491796,90.12144303,71.09605357,76.33381398,78.10851665,92.21829875,67.69501996,67.40050827,78.21281514
40317,110010024001,96.76784694,68.74929108,60.94950344,59.56370877,59.53783023,68.73302617,68.03514588,61.58722957,61.5516167,75.29621994,59.9392061,59.908864,72.13396524
40318,110010024002,94.50541995,87.97083774,77.7792643,72.6667693,72.46324127,86.83688009,75.30800359,77.07522209,74.12387037,92.52638776,70.28711007,69.80991142,88.69709903
40319,110010024003,96.5924855,85.28667583,74.47922397,69.44970532,69.30184741,85.5086393,74.17444031,74.73046502,72.47127324,90.96974533,67.62890757,67.31638563,88.47064957
40320,110010024004,95.89200098,34.51653074,49.49959657,54.96054555,54.95731268,20.91623981,41.62952571,48.66374239,47.10669937,13.34458066,56.79861209,56.82900504,17.50892201
40321,110010025011,95.68027854,93.41070891,88.77937865,85.89413417,85.47327073,96.05190832,79.16955364,85.17473961,81.16057741,97.46548221,82.47721382,81.17643042,95.9473897
40322,110010025012,81.20471516,85.16427976,74.20398616,69.37838395,69.21753448,88.61118156,76.40652079,73.90738017,70.34390663,90.66112403,67.56897987,67.26139408,78.01696417
40323,110010025021,96.19496647,91.25384834,90.71977814,88.3460456,88.00883351,96.56790728,78.80886545,87.27740561,84.13024103,98.594576,84.9379609,83.64600249,96.95124182
40324,110010025022,97.86873023,82.79099027,77.0810637,72.04691953,71.83598888,90.06115585,75.0171863,77.27806204,75.25798646,94.73151302,69.74969166,69.33898892,92.318488
40325,110010025023,98.04543581,27.71116499,42.98282762,52.01833524,51.95552379,13.5161525,37.54517182,42.90748261,42.05253135,6.927752986,54.99242164,55.00296921,7.565316842
40326,110010025024,89.73022805,94.804346,91.48191519,89.41036268,89.1018611,97.63476329,80.02538104,87.68467874,83.67123937,98.79173514,86.0836001,84.75763615,93.83954743
40327,110010026001,68.1366138,43.74036241,55.21861718,56.99844861,57.003772,44.57607683,39.29852674,54.94384696,55.46753231,24.26736021,58.13600909,58.14550253,40.22905975
40328,110010026002,61.88531664,27.01273616,42.55181587,51.63967019,51.56602355,23.81348416,31.96184195,43.73711318,48.39059463,8.766535103,54.75310984,54.7728839,32.53882257
40329,110010027011,94.68227887,39.7062204,53.49609059,56.3918349,56.398711,22.79437292,40.95364004,52.74086275,52.78790158,17.85038651,57.74331908,57.7401948,25.43012702
40330,110010027012,16.24488857,47.82491258,55.67132491,57.18555373,57.19328714,35.4840421,41.68660399,55.22857432,55.34010264,24.15214793,58.26585958,58.26900618,63.67139863
40331,110010027013,16.24488857,3.027051325,10.62134868,20.82137752,20.59974553,5.72260506,22.95986853,17.98122362,18.09145445,0.459584864,31.8450525,31.40422189,63.67139863
40332,110010027014,92.92901539,95.94747415,91.13292311,88.91544011,88.5908894,97.37482688,80.0982029,87.49504392,83.28267111,98.84345727,85.533679,84.24140776,95.32404344
40333,110010027021,16.24488857,80.23539517,69.5901036,65.29732304,65.20373953,87.08261127,75.4058476,70.88108613,68.23393703,90.0806985,64.33229721,64.16406589,63.67139863
40334,110010027022,16.24488857,19.50048559,35.87135817,47.81506203,47.58668869,6.752860934,30.85081775,35.9761295,35.63614725,2.546123311,52.47601332,52.45232034,63.67139863
40335,110010027023,16.24488857,15.24847358,28.54917851,41.98335915,41.53231328,8.292462269,24.8678166,31.08869835,31.54173963,1.568619581,48.90594951,48.79312829,63.67139863
40336,110010028011,93.68846101,90.05120759,88.00580643,84.44367105,84.1177725,96.45724428,79.22727752,85.42190938,82.09474883,98.53464939,81.03860662,79.88475663,94.19588893
40337,110010028012,92.79724783,94.2451307,89.37380293,86.33264396,85.91820755,96.93788783,79.13206574,86.23256985,82.67397503,98.56995222,82.86013725,81.60019981,94.2931643
40338,110010028021,69.36668398,95.83803993,93.70269661,92.17645884,91.92284079,99.08525749,81.28294617,90.73632701,87.38946043,99.80807383,89.25581947,87.79899058,86.54349195
40339,110010028022,76.4457182,87.25195047,78.38689964,73.05711983,72.86186088,93.49893225,77.06696618,78.34311449,75.49136606,96.16758703,70.60809705,70.13526408,78.77241823
40340,110010029001,93.59171611,82.2687454,73.15302921,68.2089686,68.06266524,86.87114414,74.10691739,74.16485157,72.56966257,92.74980993,66.63164192,66.36623837,84.11540121
40341,110010029002,90.0049992,17.79345579,29.34425281,42.76871745,42.32552085,5.636588741,34.10585933,31.02742455,27.3724781,1.503998086,49.40845861,49.287408,9.56848716
40342,110010030001,93.02894855,69.6428322,62.61361667,60.50268891,60.47197265,76.66235135,70.28677957,63.78360191,63.41564848,82.33503907,60.64067556,60.62145833,72.54248008
40343,110010030002,94.4457601,93.43832614,88.00034432,84.14983294,83.82082712,97.69862111,78.52196525,86.217427,84.2820076,99.16216435,80.71887562,79.62249037,94.58638698
40344,110010031001,93.9939468,89.31897647,84.03751163,79.12014052,78.80104307,96.5165661,76.65239549,83.05607653,82.42266583,97.83574985,75.95952389,75.13618469,92.11409995
40345,110010032001,90.68745779,86.80001614,75.92926483,70.72332564,70.49208131,85.14599125,73.95231155,76.47194708,75.53617878,94.41447872,68.59959904,68.24850746,83.99236767
40346,110010032002,90.78891557,85.29209508,75.23545714,70.03465476,69.83007614,85.34044235,73.79985148,76.17601478,75.9381415,94.0569324,68.05952235,67.74513148,83.49017242
40347,110010032003,93.98324032,84.72759193,75.40006783,70.17747343,69.98496046,89.39133889,73.93353042,76.59235941,77.02587422,94.23548758,68.1880037,67.86252331,86.25009307
40348,110010032004,97.57273849,94.34079822,85.89175524,81.62466327,81.23944955,96.70181474,76.49083683,85.03376244,86.14613541,98.31393136,78.25797414,77.27865827,96.17576254
40349,110010033011,16.24488857,65.18809883,59.01494074,58.52491412,58.52935947,64.22210967,,59.59339142,62.77865899,68.06439603,59.2148042,59.20792378,63.67139863
40350,110010033012,86.33098967,13.19101388,25.89746338,40.09441307,39.66314706,2.744630665,40.62430118,22.70247673,9.99926278,1.167229396,47.78817736,47.54091024,10.78867887
40351,110010033013,74.8760005,67.91146549,60.47160711,59.25292368,59.246543,66.10357701,66.91045724,61.87722192,66.31063623,74.99967395,59.7236806,59.69684723,66.59449931
40352,110010033021,98.12043362,14.09766258,26.98826417,41.74398751,41.28600396,2.17128325,,23.27221467,13.46436955,1.320975746,48.87451637,48.65212503,2.280773645
40353,110010033022,99.0192132,42.72336368,54.26547904,56.77388984,56.77804434,20.51479171,,50.92609439,47.6761044,19.01723513,58.00048021,57.99850215,19.08294956
40354,110010034001,96.56153704,93.78575955,89.55489961,85.86036064,85.43980055,95.15451531,76.46754925,89.57934681,92.34644302,99.10364926,82.31764906,81.14283228,96.55565714
40355,110010034002,98.5044771,87.09423846,76.90650745,71.34062393,71.10667812,91.32802891,73.69512538,79.41846063,86.12215519,95.57801653,69.09519022,68.7319714,92.92175569
40356,110010035001,92.07313003,91.68692263,86.7416012,82.1551127,81.82014692,96.9031901,77.14683969,85.63920594,85.74449981,98.58892475,78.74029962,77.79447834,92.09121968
40357,110010035002,99.43687362,91.79671749,96.17947806,95.44271498,95.15377222,98.57950589,79.69482036,94.27020721,93.62454314,99.96568706,93.16081649,91.75747917,99.71517477
40358,110010036001,98.74261379,65.4777979,60.25959356,59.12971811,59.1269837,69.60736532,68.16873733,61.10077439,60.97790365,75.66744454,59.64158005,59.62490546,72.55144579
40359,110010036002,97.49534689,85.78218849,83.29755471,78.18044575,77.91835529,95.54595754,77.4037357,82.78231509,80.85912831,98.01795546,75.07514456,74.32813948,94.93591235
40360,110010036003,99.39763135,23.11258935,36.00759554,48.21473192,48.00613051,7.041184892,36.22538181,34.42162904,28.50099173,2.037387527,52.7250948,52.70716578,2.330390091
40361,110010037001,98.82753519,68.50463155,61.118786,59.63811485,59.61729477,72.24867153,69.37497285,62.16164808,61.74676344,78.11312862,59.98705247,59.95906729,74.82910983
40362,110010037002,90.23604965,95.94070345,93.54968238,91.87306631,91.61463067,98.84020372,81.09886747,90.84083739,87.37031595,99.69997339,88.86596943,87.43510425,95.11449985
40363,110010037003,99.53969749,70.54543323,67.73498623,63.77959488,63.72232083,84.55956529,72.89581635,69.97835918,67.8945767,89.88023556,63.12485364,63.02787859,88.15650202
40364,110010038001,97.80354139,12.52903568,8.105458127,17.81447043,17.70275003,0.972095419,25.72360863,13.81519913,13.88581392,0.209657911,28.80143446,28.29682607,0.416055922
40365,110010038002,97.7107908,6.590949847,10.41079821,21.4258495,21.20637144,0.872920373,28.03464863,15.1886863,14.87165261,0.264247586,32.53035025,32.04857478,0.591202737
40366,110010038003,95.54913595,84.35270897,80.2145251,74.91649201,74.69830783,94.62687885,78.84594079,80.15593112,76.32643569,97.55859681,72.11795122,71.62889166,91.21924853
40367,110010039001,16.24488857,4.531491767,12.46041784,23.93671879,23.71452248,1.034596829,25.26399652,17.90579962,16.83028275,0.342804671,35.03281822,34.60213772,63.67139863
40368,110010039002,78.7646113,5.601607374,15.63081857,28.1595929,27.88918245,2.644928073,21.11882499,20.80204156,21.25149187,0.467710072,38.96826214,38.5189262,10.21636666
40369,110010039003,94.56706629,6.762573665,13.23988753,25.02628363,24.82744059,1.208827149,24.39678601,18.51922015,18.05966273,0.310059037,36.08178032,35.64441535,1.830640143
40370,110010039004,89.38957084,4.509712967,13.80403182,25.80673592,25.59566991,2.22423666,21.55844595,19.16560095,19.55421768,0.356696057,36.79855647,36.39446627,4.168503339
40371,110010040011,94.30107641,0.627139067,4.257281156,11.09269756,11.01204738,0.405569504,20.37248313,10.59886083,12.16028839,0.150218781,20.60196274,20.11809822,0.698902282
40372,110010040012,88.97121747,4.019984474,10.51945891,21.99340929,21.80370573,0.611979461,24.34401561,16.29500164,18.41620178,0.31617977,33.11468893,32.6725512,3.519729672
40373,110010040013,84.78969008,2.299076398,6.009366399,14.54159671,14.4820105,0.477742687,19.12849993,12.62440962,14.82824134,0.204634684,25.06125615,24.5793207,3.496512529
40374,110010040021,96.19187241,7.025586556,16.30841281,30.07553091,29.80017816,1.48341997,27.12771967,20.91966105,21.76879949,0.469323101,40.56831728,40.17585732,1.77741351
40375,110010040022,98.35244195,0.421015433,2.087597967,6.017591873,6.078967683,0.16984832,22.75992385,6.946027386,8.571474031,0.074660022,13.08605503,12.66500655,0.084973231
40376,110010040023,90.6337513,12.45764348,18.40949592,32.56566976,32.25842699,1.310103468,28.11452123,22.05220374,24.28988715,0.549992278,42.49536117,42.15565582,5.211682475
40377,110010041001,86.50861167,1.806606577,6.920288778,17.90765851,17.79123148,0.57516137,23.94371687,13.91102548,17.0429582,0.236933389,28.90945718,28.42595634,3.618040048
40378,110010041002,77.53799551,15.78537718,24.41731234,40.2244481,39.8071279,2.139420841,25.9384772,28.23943669,34.02481911,1.064621977,47.83819308,47.6524544,16.28472044
40379,110010041003,73.54057974,8.145924981,18.74020628,34.32054703,33.97652469,0.506447142,23.17788255,23.58668599,31.67636284,0.623546257,43.81263469,43.52341259,15.55347646
40380,110010042011,98.51783467,7.251322939,14.14597188,28.17257683,27.90446787,0.81760319,30.69383355,18.25534389,18.58656652,0.354267823,39.04489358,38.5631426,0.676169566
40381,110010042012,97.83206589,0.043591134,0.825305507,2.769769874,2.806280243,0.082846592,23.05357649,4.05853348,5.049551174,0.029551281,6.54311014,6.254107861,0.048968917
40382,110010042021,58.11350738,3.01483943,5.455259744,15.15824257,15.08059752,0.308286685,25.64705195,11.2960007,14.13088654,0.145181226,25.82034537,25.30510105,15.4887254
40383,110010042022,59.30530385,6.530289436,11.10556076,24.75211379,24.53132112,0.731159235,27.65843902,16.8165441,19.27477207,0.308104865,35.9062677,35.41170896,18.97102949
40384,110010043001,99.45674123,21.81917108,29.0162738,43.6365375,43.27363377,2.275604887,34.35461154,29.07230246,27.50472277,0.89733148,49.99019389,49.8658894,1.288641676
40385,110010043002,99.2033678,2.434462072,5.045900381,13.34029409,13.26578557,0.303309685,28.90183919,9.835847702,10.2465798,0.123264018,23.60833811,23.06621917,0.114568412
40386,110010044001,99.87897916,9.179113149,1.428572321,4.45851623,4.470448959,0.12787091,26.58866066,4.919616755,3.450354144,0.020005412,10.16974918,9.770032107,0.005121393
40387,110010044002,99.89347723,4.60837485,5.887473606,15.08473343,15.01619706,0.400617322,30.62856749,9.878619364,8.041898425,0.112284684,25.74937806,25.21191748,0.034099531
40388,110010046001,97.21091372,81.83767589,74.05335268,67.9332994,67.79770439,93.23258097,,78.62947226,75.88980243,92.72658822,66.32717979,66.14682,87.86278729
40389,110010046002,98.54101066,29.18166656,42.0776652,52.50361347,52.44290685,7.788808445,48.03816058,36.27541651,32.7860457,4.998529615,55.33980049,55.30062689,7.11210087
40390,110010047011,88.69995255,85.78878054,92.50371896,88.32318439,87.98938292,98.87442099,,93.55141597,87.30883119,99.24623275,84.61444214,83.56965133,92.84660971
40391,110010047012,93.06786126,82.07532022,92.74484666,88.68471558,88.3531903,99.26005576,67.18285746,93.36207474,86.99762434,99.47549975,85.02909665,83.93424052,95.31055996
40392,110010047021,92.84600822,44.53998622,19.8593691,36.70582786,36.32472351,0.48590596,48.84489302,15.63787686,21.16700703,0.597909417,45.68787981,45.25750842,4.991199186
40393,110010048011,99.68838769,15.278905,18.01247598,33.87545868,33.48821542,0.980222101,35.69878446,17.95266559,14.39341714,0.499655441,43.55251298,43.11212976,0.358656325
40394,110010048021,93.46817954,21.96692687,9.944484611,24.29854084,24.09810209,0.800437281,36.13961002,10.98002245,12.42590054,0.317228499,35.65422533,34.99655807,2.151324873
40395,110010048022,89.83791784,88.16406628,93.51367505,89.80567655,89.50706138,97.99422952,77.33008328,93.05763707,87.48478467,99.64745984,86.31732342,85.14077196,94.06028406
40396,110010049011,99.09333331,87.02801461,83.74373938,77.17586731,76.94761988,96.8653796,75.25023936,84.43876691,81.77595486,98.25964685,74.09101749,73.48564288,96.65649514
40397,110010049012,93.05607281,30.0061989,23.86265874,40.25865272,39.83813927,1.924964066,35.94663175,22.71678486,21.75566142,0.721172825,47.93068215,47.67151785,5.989778092
40398,110010049021,88.11300356,83.28947321,83.71554655,76.76634697,76.57503521,94.7861209,75.29678324,85.0110218,79.77352201,98.09037292,73.67858194,73.14883424,86.60524408
40399,110010049022,93.05085996,44.16273052,42.25742472,52.80249296,52.75513948,6.332578066,40.45960024,37.32476119,41.05063523,2.638407765,55.51487099,55.47748229,16.10260507
40400,110010050011,92.36144807,11.57922448,16.24462972,32.30374057,32.03077406,1.027424693,33.72208485,18.22011271,17.80893063,0.393108583,42.37225778,41.95293777,4.157990445
40401,110010050012,94.64686051,26.91108357,38.20779957,50.7367431,50.60686264,5.412509829,38.14104525,35.71835781,36.54023602,2.122977496,54.25293224,54.20574502,11.18747345
40402,110010050021,92.09824982,86.33217132,92.98728013,88.88822715,88.56213225,99.25795417,78.14617454,91.85788946,85.20059687,99.74946698,85.3516639,84.14896085,94.8490761
40403,110010050022,93.36507489,22.13322687,10.19068449,24.86004371,24.63678492,0.212095229,31.77856118,13.50862254,16.29300356,0.207615024,36.1182916,35.55132975,2.271503068
40404,110010050023,88.39186567,23.95441534,28.18861894,44.61467431,44.28275512,1.95556743,36.25765918,26.76117666,28.24886488,0.916322308,50.62361041,50.49095716,11.88954326
40405,110010050024,84.73709665,78.51438222,77.07343334,70.16906472,69.97750266,96.20111905,74.02057572,79.77604597,73.41666057,96.76331546,68.12119961,67.84222,80.14380946
40406,110010052011,94.86665785,11.79266788,7.97261704,20.84545914,20.62433384,0.126259001,30.22434169,11.9167663,15.15600926,0.148000293,32.06108708,31.49106482,1.309466865
40407,110010052012,95.22325574,1.825571491,3.029049106,10.20539583,10.13586924,0.141122865,27.19183464,7.737036387,9.776351867,0.064360837,19.56039573,18.94557574,0.507084646
40408,110010052013,83.4183089,69.24394128,68.98214754,64.00497193,63.95316761,91.32039732,72.5174265,71.5532251,67.1503916,92.48791833,63.29470864,63.19579025,73.9773389
40409,110010052014,94.68729265,8.448411222,4.324899545,13.56965004,13.48892851,0.286713321,28.783834,9.201627278,10.65492909,0.079924396,23.95992948,23.40290318,0.78265911
40410,110010053011,95.15958847,7.009537046,11.88517922,26.46327716,26.25433916,1.067244829,29.84105186,16.7903518,18.39208224,0.290547198,37.5505777,37.03740507,1.778468336
40411,110010053012,59.32265116,5.287698528,8.337878659,21.15825852,20.92817118,0.352854731,27.78356612,13.59956956,16.60198979,0.159963115,32.34972909,31.77416579,17.40940072
40412,110010053013,87.5718956,19.36355578,14.12596428,29.49767861,29.21635371,0.421041413,29.54026461,17.94449313,21.47000056,0.233708549,40.14712185,39.69320475,6.013148276
40413,110010053014,61.66885389,4.578701624,7.687027269,20.00712031,19.78034572,0.518256142,28.18393151,13.0545249,15.43197974,0.169693426,31.18900891,30.5753618,15.62254408
40414,110010055001,55.32911995,4.58451658,7.491033571,19.76962974,19.55810002,0.132312092,22.3101738,13.90260425,17.93486342,0.174093818,30.93161959,30.33605094,19.06428615
40415,110010055002,91.45636483,31.91109207,5.278614201,15.41299688,15.32427457,0.161463274,16.79141453,11.84301599,24.76655104,0.131048084,26.14863318,25.61810076,1.690158989
40416,110010055003,89.22028318,25.88132572,7.157511059,19.14626966,18.95749962,0.364032458,22.93807162,13.32456367,24.38613482,0.117152735,30.28882993,29.7247282,2.913272203
40417,110010055004,78.90555066,34.41846303,39.04954017,51.15651144,51.04211334,3.714301539,28.7280664,38.48445255,44.03877171,2.290900888,54.49615612,54.4882594,24.3821713
40418,110010055005,79.22356753,11.67883144,16.83529522,32.90721317,32.57892563,0.604939052,25.77811497,20.97665609,26.02045633,0.308305465,42.79135765,42.4401591,11.84232334
40419,110010056001,98.3011454,69.86470353,68.1355058,63.5151386,63.44655559,92.95247597,79.99804989,69.49939326,62.13351533,90.260496,62.89347019,62.82003589,83.96760518
40420,110010056002,96.47402643,16.44787181,5.996601063,16.88586145,16.77802117,0.099518046,12.9298341,12.08078837,29.61569568,0.12763179,27.8632684,27.36483446,0.657932969
40421,110010056003,91.68838902,67.98935432,65.16487005,61.63903651,61.60334838,86.67341291,73.36101938,66.89956194,60.83709965,86.54257462,61.46973563,61.43767621,74.04521329
40422,110010056004,98.13752576,82.12705333,82.52503766,75.83442433,75.62171232,97.92060448,82.02121948,81.76688488,68.79164325,98.45317629,72.85404226,72.320726,94.73464396
40423,110010058001,89.57430895,28.76397352,5.409897388,16.47309483,16.35277853,0.416059323,44.87275665,6.737162729,14.43091711,0.113795585,27.55646453,26.87633577,2.339181729
40424,110010058002,84.81297246,67.53663527,73.22573532,66.95156661,66.87150209,92.82773279,65.6540686,78.56523275,69.95507741,93.8725833,65.57108804,65.42869827,77.41663811
40425,110010059001,92.86087303,72.73302552,80.20224695,73.1810132,72.97285781,97.58247775,66.3955055,85.2094696,75.78259341,97.2203974,70.54305523,70.19992858,87.57817852
40426,110010062021,74.0543607,62.92312043,48.97533271,55.29626437,55.28837059,7.708177671,37.73944671,41.36984961,51.14201327,9.331146474,57.03742906,57.05654615,33.72152498
40427,110010064001,99.06195651,91.81140609,91.05331712,89.08362969,88.7612006,95.928442,82.70322286,97.11080831,73.97909278,98.52638242,85.29417374,84.2037794,98.9176853
40428,110010064002,95.2378224,91.69800165,89.20243473,86.54863519,86.15071924,93.51382889,82.45507091,96.32059988,72.23003091,97.5465282,82.65040858,81.60053466,95.87468782
40429,110010065001,84.19561035,9.685761841,18.85613484,34.93818159,34.60774287,6.749234934,29.0900086,5.705278155,27.55122413,0.906079523,44.64731702,44.08268141,9.856078407
40430,110010065002,83.44591668,12.39598099,23.42749615,39.67680018,39.27967232,0.77528469,29.43712846,7.287977831,32.13170127,1.376082773,47.80032691,47.38118767,12.46741952
40431,110010066001,84.40598499,0.116884761,1.705668636,5.820009787,5.875350636,1.796193019,23.3896501,0.852926972,9.17489598,0.094822439,13.30534504,12.40530929,1.70495094
40432,110010067001,93.36290091,6.403034457,16.67553751,29.41547784,29.11758096,10.39468256,30.0571223,3.367773478,23.46389939,1.334054672,40.61188819,39.6810769,3.007273341
40433,110010067002,93.63893328,0.639042746,3.635879581,9.014333588,9.023841967,2.730734074,23.22242844,0.8281721,11.93591109,0.256354379,18.56161739,17.3772557,0.655919959
40434,110010067003,83.79171206,0.196749404,2.406636878,6.352319548,6.409848166,1.387713105,22.7366662,0.645744853,9.990424194,0.13698407,14.34001489,13.25524747,1.924094966
40435,110010068011,94.57708652,68.30571,60.7965819,59.18384038,59.5215988,66.66830742,67.62200873,69.18727915,60.27962085,70.95721833,59.88999898,59.89505697,70.8296966
40436,110010068012,95.25181713,23.1718483,38.20329263,51.47851128,48.59849964,14.68855134,40.09694717,12.86144026,40.42077374,8.06765782,53.28445507,53.05582355,8.53687483
40437,110010068021,97.45276516,15.17155727,29.98938234,42.17593217,41.72463296,12.27227254,30.94767978,5.943910851,37.12217641,4.70678705,49.43018903,48.95567006,2.972566218
40438,110010068022,97.72156618,0.964454986,5.669640941,11.63844795,11.60948624,1.734564064,19.72035926,0.455164961,24.41950939,0.617837698,22.26231299,20.95818643,0.230853812
40439,110010068041,87.43350794,99.84222702,97.2407269,95.44186134,97.4992217,84.7049642,89.20042635,99.46812908,82.31851641,98.81854539,95.93197848,95.08652596,96.89104938
40440,110010069001,98.26316314,6.165235562,10.82110664,28.0194937,20.23470464,4.197688771,24.59596088,1.27931226,19.47302414,0.567670366,32.38396995,31.1755203,0.414683734
40441,110010069002,98.96383149,2.647344518,7.440870075,22.62856399,15.12915525,2.833846939,21.39246017,0.493282281,22.74438166,0.589867742,26.71039999,25.47830232,0.166432917
40442,110010070001,69.53599755,3.465536929,5.007379374,12.95777758,12.86085998,0.020363637,22.95796213,0.875401164,15.98751656,0.28807415,23.82106859,22.74324143,8.8021245
40443,110010070002,94.24162112,2.041064479,5.389382484,13.71435221,13.65260263,0.017190409,22.17302525,0.400220426,19.80796609,0.353641635,24.78551616,23.75705176,0.883477593
40444,110010071001,86.21021547,80.54312414,70.59517564,66.40947957,66.36563122,94.27820058,79.86325522,96.69263024,63.77293354,86.83149751,65.04872457,64.97965749,77.53364603
40445,110010071002,98.37773308,94.9831155,93.80142729,93.17248895,92.89755845,99.55546659,85.23099521,99.79340779,78.29009607,98.94592933,89.95327794,88.80665746,99.04908794
40446,110010072001,98.46708719,38.3849465,0.511690591,1.67366368,1.779264366,0.002645364,17.09153352,0.242775173,6.954687323,0.041269908,4.319987305,3.9635221,0.021285836
40447,110010072002,97.53409436,39.23504892,12.90540253,25.83763449,25.62404902,0.118857138,22.96984802,1.860732555,35.69241367,0.512001781,37.49531796,36.64806876,0.86734516
40448,110010073011,66.40005741,69.3352145,73.20899597,70.56776054,70.36022436,89.31761775,80.4807211,80.65328667,68.87352121,82.31123598,68.27387682,67.95788212,74.17824389
40449,110010073041,60.37664257,94.09390923,97.76046096,97.2489414,98.65259828,95.87017973,86.75789308,98.39008551,82.76138046,97.01278999,97.67497247,96.82613462,89.54258856
40450,110010073042,46.42344845,92.19950029,86.12364347,80.7592752,84.9609963,90.4278289,81.76415844,92.57768187,72.869045,90.01762144,81.29524658,80.28678258,74.48476987
40451,110010073043,42.98389986,87.87940354,81.38749953,75.351629,79.03635502,89.38648471,80.57572976,89.17879896,70.26241493,87.29813782,75.71535438,75.01966687,71.51870364
40452,110010074011,95.12302839,95.74754472,87.62056465,82.04257859,86.31041902,99.48850999,82.55409503,96.91656641,71.69683506,94.21066381,82.72488431,81.74274057,95.85131062
40453,110010074012,67.61657796,83.4660919,90.13393543,85.44898942,89.64768466,97.02337342,82.25579177,97.38073885,73.53679456,94.78906657,86.14700956,85.09081174,84.58786989
40454,110010074031,37.28709294,93.50863516,97.04600239,96.29106462,96.55112158,97.9539423,83.87982232,98.41868471,79.91569058,96.83537561,96.7569054,95.7557044,77.40543013
40455,110010074041,38.33598063,87.05379595,92.90617142,90.03873762,93.62126016,96.40644114,80.59276271,97.43190674,75.42053421,94.61293322,90.811772,89.4865723,74.64646156
40456,110010074042,39.83196875,87.65688773,88.72026591,83.98638474,88.31139404,91.75193587,80.23116915,95.28473471,73.06479659,91.90599623,84.61353589,83.59460989,73.20881903
40457,110010074043,51.61897867,70.64525055,70.6401316,65.58390151,67.49612099,82.81330359,73.84498992,82.87043054,63.51452042,79.92762505,65.93964451,65.79700082,69.55938846
40458,110010074061,70.70113254,85.60908944,96.83220808,97.99786891,97.86173031,97.00723715,84.46110101,99.17296565,79.8270974,97.97744131,96.48582562,95.48270889,92.06515908
40459,110010074062,64.35943834,90.82347392,94.3249061,95.59130855,95.28443163,97.07745288,79.58144132,98.30590645,77.23922799,96.00146873,92.94470222,91.68694437,87.00222198
40460,110010074071,16.24488857,84.36211034,89.57037375,84.90337317,89.16411433,93.24310834,78.3176805,96.99349369,72.4693026,93.79901682,85.5704966,84.56020709,63.67139863
40461,110010074072,85.43007514,93.28058395,94.74570277,92.57749974,95.60521686,97.32363652,84.123539,98.95347987,76.81136625,97.20995005,93.33025201,92.13603755,95.10695053
40462,110010074081,75.51393629,97.96289569,98.64844591,98.40073691,98.57512365,99.36379354,84.30093282,99.18896303,81.85523447,98.43585428,98.63947368,98.11978617,95.76311011
40463,110010074091,16.24488857,93.02913756,85.63500767,80.22151157,80.82504271,94.01351116,82.25190008,92.65275315,70.14986258,89.67060143,80.73314957,79.79701551,63.67139863
40464,110010074092,16.24488857,92.28172366,94.69484965,92.72577411,93.24886969,93.91290875,85.1477124,97.27164913,77.19433905,95.16778258,93.45403594,92.19544469,63.67139863
40465,110010074093,42.77729455,91.67997724,92.79835492,89.90782577,90.57645217,89.86532289,84.79162315,96.40761813,76.06613791,93.73144151,90.67155065,89.31384973,76.62298046
40466,110010075021,89.1726014,99.84058869,99.12818307,99.03360293,99.11752563,98.86602003,82.61872729,99.61835487,83.36165348,99.61464683,99.15052812,98.84919367,98.97752685
40467,110010075022,86.12446331,91.01904564,93.83213715,91.44363228,92.0450098,97.20713902,82.22104719,97.51690802,75.01514422,95.6827897,92.15784982,90.97715715,94.88115713
40468,110010075031,94.74633942,93.65158967,85.62344476,79.59661036,83.74049797,98.53213658,82.84230048,98.10811777,70.30560609,94.01749533,80.12046638,79.33395253,94.74344017
40469,110010075032,96.33282367,96.64261717,93.49511805,90.40717297,93.87457272,94.41132276,84.01414278,98.99916877,75.34842894,97.04071666,91.1668414,89.89208899,98.39435908
40470,110010075041,69.30635282,99.48141105,98.3804839,97.93286328,98.1596711,91.92134192,85.40112339,99.66262097,81.51284503,99.03986919,98.2606279,97.66580303,93.49209208
40471,110010076011,87.61127993,81.71059377,77.137221,70.30953434,73.21248676,98.25927053,81.96998735,95.27579552,66.44518261,89.02784241,70.55806924,70.33171961,84.15605408
40472,110010076012,93.52142721,88.55449329,78.08751285,71.17155936,74.20094078,94.16773771,80.54192364,94.21373348,66.5444966,88.83825149,71.33737992,71.12668888,89.0012736
40473,110010076013,55.99352516,98.33798657,93.90781211,90.49678215,93.94733036,99.34748831,85.67909003,99.45115035,76.5469077,97.58735849,91.21970887,90.04933434,82.55258531
40474,110010076014,16.24488857,91.34661112,87.3141173,80.996699,85.19920759,98.38436721,83.95391859,98.9686907,71.6380648,95.07338085,81.51498366,80.73568074,63.67139863
40475,110010076015,92.27239638,89.99726757,82.94114782,75.90864231,79.65137621,98.6700369,82.89916069,98.30635734,68.96015808,93.00579604,76.25476667,75.74485256,91.18886924
40476,110010076031,61.35962042,97.71575244,90.78591241,86.87773918,87.54074098,96.29398264,82.21974648,95.58715327,72.85573316,94.03819095,87.49150555,86.37342368,82.80991494
40477,110010076032,72.78407238,86.37172942,76.76992069,70.72502745,71.16057174,87.45689905,76.82767073,88.15639166,65.15526752,86.55807751,70.89830569,70.60985591,77.93707179
40478,110010076033,16.24488857,96.40722455,86.4911395,81.07313828,81.72847527,92.89439283,81.21773632,93.56403333,69.57570107,91.61038678,81.54753728,80.6738283,63.67139863
40479,110010076034,73.6232857,96.39252498,87.91320644,82.8489213,83.54964321,92.50389242,80.93797345,94.90079305,70.29648733,92.37631227,83.43638605,82.49232364,85.59976734
40480,110010076041,92.56730738,96.45379054,92.96100466,89.31180822,93.03434673,97.64714884,83.97369712,98.5471881,75.41930744,96.68833533,90.03869375,88.88215726,96.64478413
40481,110010076042,83.29682894,87.28367695,78.28309923,71.61867389,74.76552592,88.43083102,76.53661225,90.38691596,65.92432426,89.67672857,71.76355863,71.51888717,82.86257636
40482,110010076043,90.03695341,91.11844864,83.67416035,77.04776944,80.94158437,91.75564841,80.5274377,94.91396374,69.05059293,92.60110784,77.42694222,76.86033288,90.33707422
40483,110010076051,16.24488857,87.70587738,75.4792595,69.15400993,71.84446923,82.66690464,78.97750977,93.24039174,65.28509036,87.26979684,69.41251624,69.22743484,63.67139863
40484,110010076052,88.21708713,97.91624495,96.27597341,94.65791033,97.03155507,97.41810565,83.86613295,99.22335645,78.33255861,98.41584979,95.23782474,94.23318136,96.81964895
40485,110010076053,88.58990281,92.0263049,88.36505016,82.87007796,87.19847166,95.55869914,83.00675071,98.66671175,72.13803638,95.33617454,83.48078166,82.59331278,92.4545026
40486,110010077031,94.77093089,91.42471183,88.58949156,82.89578394,83.6004573,91.55116473,78.63773216,92.57446526,85.85685797,92.70576638,83.41331316,82.70697793,95.89379022
40487,110010077032,94.17637862,98.67923004,97.65576666,96.66091031,96.95388959,97.7104422,82.89840811,98.18235799,91.16774102,98.05624046,97.08359556,96.34252155,98.9745017
40488,110010077033,87.27273999,99.67103794,98.63900857,98.09702366,98.3206416,97.28823943,84.48017909,98.88974095,84.28827802,98.69301228,98.38073537,97.88611586,98.12496785
40489,110010077034,92.23801332,91.29817023,87.45484179,81.50356772,82.1343353,95.33181768,81.12050571,94.15082988,74.62997396,92.9512966,81.91403757,81.28684138,93.84893538
40490,110010077071,64.92137972,98.78587537,98.12949142,97.92683777,98.15019138,98.54398853,82.04722408,97.91458558,92.96546114,98.28281887,98.22933242,97.6466599,92.11044891
40491,110010077072,72.31222105,96.62246908,88.63119239,84.50216154,85.20444562,90.71000145,78.4106123,93.26790074,76.40595889,93.22782285,85.0709797,84.17827516,85.89864492
40492,110010077081,92.51147722,98.50863635,97.95384891,95.56178038,97.57006961,99.91406864,84.99658795,98.2814851,87.28987938,97.95684721,96.00163432,95.16958268,98.30168867
40493,110010077082,16.24488857,94.84336998,91.73905299,84.31348327,88.60582421,98.55406598,82.96774857,95.98538355,75.10036561,94.02300451,84.84448063,84.19437897,63.67139863
40494,110010077091,70.75156571,96.2820402,90.90882531,85.33782236,89.53585725,99.35408549,84.24670122,97.67646902,74.24428392,95.08569975,85.86903976,85.09739297,85.69930571
40495,110010077092,93.46335204,95.77811516,90.50039276,84.66531219,88.94447316,98.5291813,83.86895288,97.63125022,73.50597993,95.07529935,85.25233999,84.49289236,95.72165393
40496,110010078031,96.78629999,89.59961592,90.29975493,85.93975018,86.61694564,99.24479576,77.86491692,93.24450891,90.14079522,94.4421932,86.49541495,85.67573888,97.78566148
40497,110010078032,76.79711878,89.83395005,84.85994859,78.95857308,79.56901386,81.51713203,74.91208481,88.87602066,85.78848788,89.86250443,79.37066844,78.818924,84.79772962
40498,110010078033,87.10919992,82.96454753,75.87385691,69.73768743,70.17155096,86.35919118,75.24658524,81.95584169,78.59927467,84.05781961,69.95173071,69.80389788,83.35672933
40499,110010078034,94.37899785,93.47367957,90.27381695,85.90250628,86.56999368,92.68946147,78.39986798,93.20117447,88.86742383,94.34234052,86.45995471,85.64725547,96.5579866
40500,110010078041,88.05451073,98.3042983,93.98257672,91.77715449,92.38105941,95.67227509,71.96794643,94.81489914,93.84279514,94.73535826,92.52451504,91.37926898,95.70744915
40501,110010078042,72.15002634,93.88868311,92.15076658,89.06345716,89.73853163,90.53245599,60.88418687,93.37508415,92.28668317,93.23680045,89.79918973,88.65085566,88.23322749
40502,110010078043,80.74787864,91.94083261,85.73977392,80.42928647,81.04679787,93.51943302,75.83013483,89.50282072,86.37593531,89.62724078,80.91670216,80.16284579,87.2792918
40503,110010078061,75.10320754,90.79706181,84.99639145,78.76113246,79.37152568,90.77791322,60.93633707,86.72930592,89.95466999,90.35240304,79.2497065,78.546667,83.97778851
40504,110010078062,89.91008927,91.89280511,88.90895211,83.51916536,84.25089986,96.53316374,65.65653854,90.39471984,91.22778652,91.89696863,84.21091126,83.30048636,93.40060606
40505,110010078071,94.84980168,95.38966671,90.09220563,85.57603396,86.22925787,94.23608794,60.88691024,90.19528216,93.31996706,90.90188528,86.24242293,85.14988249,96.68581198
40506,110010078072,93.78805974,85.4732669,84.38219585,78.26811656,78.89765458,88.72536779,60.82664208,86.22155668,89.6617226,87.95211702,78.77277138,77.96882552,93.52641233
40507,110010078081,91.86300263,93.06281242,96.23642376,95.35738256,95.69609736,94.29532671,60.99904343,96.02121318,95.47521613,95.36198546,95.87288571,94.81988162,98.05762301
40508,110010078082,92.67551879,88.0716239,86.94195122,82.11533196,82.76047856,95.0246704,60.76894042,88.00275049,90.97850161,89.42670071,82.75014454,81.75227245,94.38191997
40509,110010078083,90.57162176,86.29437136,75.74246976,70.03930407,70.47259688,79.77681588,60.59528687,79.98706692,82.12354466,81.64152859,70.30032833,69.98069686,85.7559465
40510,110010078091,80.46896288,97.87284771,92.05890469,88.27287395,88.93474375,92.31863806,60.98075602,92.39992787,93.94069547,93.32312575,89.01217517,87.9133313,91.18396643
40511,110010078092,84.62995134,92.93291763,88.11996246,82.63086181,83.30773076,95.30071891,68.20669536,90.3052255,89.56686602,91.22675395,83.28762899,82.3908065,90.29808835
40512,110010079011,92.8462893,88.81869148,81.54513837,73.62427383,77.11983165,94.18836958,74.42641232,90.80244996,78.86696842,94.17953578,73.93243308,73.62777903,90.23382812
40513,110010079012,16.24488857,77.5379193,69.57352522,63.95079569,65.5211931,79.8728072,70.93817533,81.3231846,67.80402386,85.00816707,64.42637059,64.38585235,63.67139863
40514,110010079013,16.24488857,93.16898033,87.71414084,80.38591737,84.57456949,91.43345496,75.07228745,95.49601449,81.56806668,96.7736747,80.93467086,80.29122483,63.67139863
40515,110010079014,89.03434178,94.81287271,89.92827238,83.24028889,87.56339822,96.77045069,75.67441914,95.71882541,84.06927392,97.97744131,83.92663616,83.15805939,92.8405155
40516,110010079031,90.81571333,93.57833323,85.24999882,77.7908632,81.80950472,93.60367898,76.63583903,93.53282908,81.18249919,94.85618215,78.27241551,77.76620979,91.24126695
40517,110010080011,95.14156192,8.910728268,21.10863495,34.12640818,33.75441801,2.881782621,38.29725103,9.404178833,21.31538657,1.493050152,44.13132581,43.33733441,2.93064177
40518,110010080012,88.39377746,2.321718264,9.99461701,19.93690593,19.70897129,3.969044269,36.26314535,3.970058592,14.54991183,0.648567274,31.75309669,30.49220711,3.34000534
40519,110010080013,46.49416568,15.86930564,32.17163971,44.96576177,44.62877468,17.02230936,40.91575454,13.63001439,32.41847152,3.889321737,51.00801832,50.68396287,34.1658417
40520,110010080021,77.60794815,22.97480013,33.29245098,45.36724718,45.05639716,13.91356574,39.35405542,12.09751223,35.19694949,5.346694997,51.27620293,50.96058958,19.51548698
40521,110010080022,77.00465058,0.24814442,2.3759069,5.634925359,5.678768229,1.817611746,32.52230617,0.974327668,8.375103572,0.231942173,13.09361133,12.01821581,3.234857193
40522,110010081001,47.91932346,9.048569918,16.85771101,31.14943077,30.82871079,5.353871783,39.05861652,7.15422043,20.07058449,0.996338468,41.91064486,41.08435748,28.02958641
40523,110010081002,58.42447796,0.593844374,3.450051873,9.74262851,9.672293093,1.658188336,27.93434375,1.67650997,10.07900334,0.252002155,19.52395172,18.34424932,12.59485011
40524,110010081003,60.20441665,3.527463131,10.32103232,22.44506886,22.24284935,4.646763912,27.51703563,3.134154863,17.64258186,0.551933645,34.2426766,33.18669147,17.46310873
40525,110010082001,60.74223636,0.494336497,3.456458169,11.11194054,11.03434213,2.175724432,25.85276933,1.684732124,11.54861807,0.224977274,21.24550023,20.2462159,12.07420698
40526,110010082002,85.53028969,1.042395943,3.821965516,12.01769867,11.95448691,1.647514926,26.27152777,2.231316643,11.70051756,0.235618211,22.45738823,21.43882156,2.742281585
40527,110010083011,72.11263642,6.799844686,5.17284675,15.43992296,15.34457058,2.387640525,31.98728529,4.105900036,10.45923939,0.278150556,26.65904614,25.65177921,8.696175478
40528,110010083012,78.68496006,1.101974396,4.363499514,13.62846339,13.54588885,1.657727926,27.55724237,3.15511541,10.84101165,0.258255504,24.48364999,23.47902708,5.347885182
40529,110010083021,51.19860071,0.125041369,1.315595843,4.675197084,4.655687957,0.831366463,26.13821288,1.288291694,5.726063406,0.10298423,10.99382938,10.19145077,12.99537936
40530,110010084021,94.60084083,13.3393983,18.31223381,32.8674303,32.53813912,2.717845165,38.94546643,9.114657804,19.45874589,1.192014449,43.17259415,42.38315755,2.984945178
40531,110010084022,88.02759194,63.37063395,58.45697104,58.28056299,58.27736061,59.80864431,62.98526689,59.13226516,58.55727565,63.12766031,59.02994541,59.03019128,64.92988936
40532,110010084101,92.99674953,8.833407097,18.14595852,33.02536273,32.69205943,2.02932293,39.22730209,10.45804738,17.39644435,1.029115199,43.24476907,42.50284337,3.915776524
40533,110010087011,98.52111683,39.18323776,52.36947332,56.14882613,56.14056072,17.08989372,,47.63269802,42.80583612,15.70577959,57.59427678,57.5832226,16.69559948
40534,110010087012,94.87342246,79.18730348,69.22446912,64.73255101,64.65527394,87.5159291,,73.44661884,76.46976914,88.44843238,63.83520947,63.75524045,81.14033939
40535,110010087021,97.86063033,93.73432978,87.22978486,82.94612731,82.59460937,93.64074971,,88.82363362,91.80968484,97.93819661,79.35381279,78.50363587,96.80870528
40536,110010087022,99.70128339,67.49710857,64.85601878,61.8333528,61.7587144,70.73898565,,69.11437879,70.68908374,82.70142977,61.58620726,61.55565216,85.28688009
40537,110010088021,96.41984466,79.65133355,71.45585373,66.69975494,66.6287616,83.88744851,70.60724334,79.61515668,72.98233756,88.30511021,65.30817194,65.260941,85.4286249
40538,110010088022,97.82332394,91.55263232,87.63459308,83.77552909,83.43709965,96.15177223,74.49035366,93.25524039,83.52327779,97.70525113,79.96836646,79.26320504,97.00129117
40539,110010088023,95.80141035,90.11032265,81.98824382,76.94369403,76.74145135,91.75505882,72.50891638,88.88242552,81.12914177,95.47588897,73.65195226,73.31003973,92.61895696
40540,110010088024,90.89163396,87.76221514,79.66810002,74.51857057,74.28630735,84.27382179,72.13552806,86.52483312,80.19734767,93.8774355,71.50860933,71.28037992,86.91854716
40541,110010088031,97.49486734,99.07445132,98.01751004,97.87320665,97.74204785,98.79045567,76.79278469,97.73201657,96.85506518,99.71175543,96.38692181,95.41156857,99.49852117
40542,110010088041,94.72998566,91.63182901,86.7256914,83.48044314,83.13175929,92.45660838,74.05697645,91.79537975,86.55316495,96.82272105,79.71637928,79.00078748,94.52882733
40543,110010088042,95.63002188,95.12495025,91.82531497,90.47911232,90.15692102,97.28662624,75.65661094,94.83819798,90.51164972,98.13947445,86.81513107,85.83011326,97.19058515
40544,110010089031,95.1409211,97.24385477,93.71297632,89.57810502,93.23726745,98.53839553,77.35962141,96.45276468,90.56250879,98.62718841,90.41376076,89.3257156,97.78135742
40545,110010089032,81.36149886,88.84406065,87.72778117,80.96541721,85.16328197,89.65231862,76.59889743,93.00971779,85.47888095,95.97112542,81.56441464,80.84867527,87.88210036
40546,110010089041,90.52960707,99.73944369,98.51636152,97.54109143,98.82559693,97.89416834,81.44715656,98.75387238,94.74247101,99.55030641,97.90369298,97.30621169,98.49909536
40547,110010089042,95.00616893,89.94155356,80.99014515,73.43459771,76.92017521,94.62754322,74.84752373,89.85026113,80.06154494,93.8009027,73.71721514,73.46256689,91.95703699
40548,110010090001,75.80336037,78.51135554,90.97613029,86.17495847,90.31196357,92.98349488,77.26045765,91.33550253,90.37243802,94.30928027,87.01567356,85.90062636,88.19927307
40549,110010090002,79.4794634,81.94391027,87.7932002,81.80771206,86.03223919,95.19892968,75.39429448,88.58844404,87.91172359,93.02231717,82.56100441,81.59026643,87.46232908
40550,110010091021,94.42412093,84.20065797,77.00297658,72.36007774,72.16988364,85.85165362,70.8759119,80.56306218,80.68000212,89.89704113,69.86246854,69.57169624,88.40817614
40551,110010091022,97.24140337,98.55344328,96.86994373,97.06534018,96.88816324,98.5868928,74.59230562,96.17849747,97.15705511,99.33760323,95.25348487,94.16118162,99.27272717
40552,110010091023,91.92756376,94.61969112,90.89436488,89.13689893,88.81177384,94.47662926,73.54463926,91.65345782,91.69634624,97.19594129,85.47202065,84.44241779,94.84191396
40553,110010092011,89.809554,80.99960123,81.48791493,76.55855926,76.36638684,92.54405492,,82.68167495,84.1099774,95.628211,73.52049049,72.98796296,87.53256828
40554,110010092031,56.28148712,94.00430421,88.10742974,84.25800218,83.92787351,96.81622942,,88.1081349,93.35052866,98.36874998,80.70940668,79.71109433,77.45776747
40555,110010092032,95.30597939,91.24321868,82.35048385,77.22233422,77.00014492,94.69125913,,84.51959004,88.5022913,96.5452104,74.14115846,73.54288347,92.28643318
40556,110010092041,88.61151912,84.41988126,74.37677231,69.32535647,69.16001958,87.68245496,,77.71810824,81.06325357,92.08016748,67.43352075,67.20112223,81.5034458
40557,110010092042,98.14523392,94.84276971,94.27605051,93.18876307,92.91996235,97.47997866,,93.48619298,95.44754647,99.38010874,90.31121211,88.90745872,98.96217487
40558,110010093011,89.07926059,79.0946038,67.76001691,64.08983058,64.01889731,72.0319668,61.77870993,70.49427601,70.1242797,81.11900111,63.33945459,63.2532212,76.29335592
40559,110010093012,92.09340158,78.51050985,66.93292363,63.48048582,63.40710624,76.08507661,61.08637389,69.84749127,70.54114595,83.95392262,62.84671455,62.79681696,77.12213531
40560,110010093013,90.42969098,82.09695177,71.10460468,66.70982642,66.64536834,81.10745735,67.35709086,74.48142461,74.86785792,85.40906307,65.39865071,65.2590479,80.12198524
40561,110010093014,73.62032213,9.149604549,24.35964927,37.01585198,36.65955698,12.70833277,56.2270336,23.91066141,16.06085165,2.92317842,45.85010503,45.49547155,16.78802631
40562,110010093021,91.37622277,87.35404694,80.96770314,76.05455848,75.85706176,93.70326989,,83.10214041,85.61938832,94.10872435,72.97941856,72.54743372,88.31135898
40563,110010094001,59.25171047,87.96768058,76.82001224,70.11107941,72.98287381,84.0874767,63.14127772,78.39864039,76.8987668,87.6963117,70.6016358,70.19109367,73.64143907
40564,110010094002,83.87396317,90.87055451,81.83472747,74.91559721,78.54427325,91.82785532,68.81483234,83.70656841,82.52208895,92.0971956,75.56426055,74.84243446,85.53064942
40565,110010094003,46.66376124,91.48428418,80.37765623,73.48722854,76.97806114,89.60276275,63.15671708,81.98225135,80.49768401,89.98487551,74.07511025,73.46841952,71.87428573
40566,110010094004,16.24488857,83.43342949,71.49832345,65.76405584,67.72157517,81.46105058,62.43577413,74.20844362,73.14471245,83.96282645,66.26521884,66.0602558,63.67139863
40567,110010095011,79.05847815,99.71543055,98.06746653,98.23394761,98.12567807,99.02114226,72.59107439,94.66903898,91.24812576,99.3948571,97.14998141,96.11344976,95.0234946
40568,110010095012,70.37092602,83.62353715,79.36963455,74.64693795,74.43439392,92.3759356,,79.00995098,76.61602958,92.43216103,71.90376633,71.38678702,77.59538352
40569,110010095013,90.84644595,96.06179806,94.72263121,94.13334434,93.84474486,95.20986177,62.4934717,92.06934729,90.07680266,98.85805868,91.57417989,90.02771429,96.22998059
40570,110010095031,56.77247226,89.59931594,80.75914502,73.49031874,76.97839162,88.79888497,63.5314383,80.39107801,77.80516795,90.89964545,74.1486385,73.47677015,74.69224801
40571,110010095032,52.89052333,79.57409103,67.59791046,62.9470712,64.25769365,80.70128457,62.03617946,69.90377233,69.12408106,80.61522393,63.54211187,63.43646499,68.24064828
40572,110010095033,69.21074963,17.75408243,36.13138495,49.97389022,46.34231423,5.985255244,56.33545056,34.18417098,27.95708726,8.297779657,51.78749238,51.71576981,24.90635997
40573,110010095041,79.4800152,81.46360905,70.78764836,66.59826303,66.54322644,82.91015337,62.05098185,72.9407131,71.69195512,86.23634039,65.35644894,65.16848324,75.20415712
40574,110010095042,45.8870494,87.98565895,82.85547455,78.85023128,78.53090914,88.19170369,63.11817874,82.03338114,79.22526806,93.0037812,75.63974546,74.86576469,72.16205318
40575,110010095051,97.42780847,90.91748664,79.0417595,72.87936912,73.41185418,93.21446052,62.85608851,78.34659267,69.9945474,90.52035631,73.61850728,72.88401945,94.15528942
40576,110010095052,94.59967077,82.46040725,72.33993631,66.83320516,67.21318026,86.95852991,70.8541898,72.54094631,65.23792044,85.86769584,67.45102067,67.08509489,85.9769447
40577,110010095053,98.39296281,89.95218993,84.56043832,78.80603964,79.41705907,96.35177114,69.40733635,82.65309832,77.54658685,94.23117255,79.9059482,78.71762791,97.35842318
40578,110010095071,96.35801175,97.86667607,92.0307079,88.71406754,89.38452958,95.263148,64.1308303,88.76838178,83.26221328,97.0534956,90.06954339,88.41452987,98.11538235
40579,110010095081,94.29967251,80.51383078,79.19097136,76.33273374,76.15034592,93.34187325,72.11658825,79.09100306,74.99826426,92.01191903,73.4361871,72.77398643,90.89261409
40580,110010095082,91.33446599,96.03184894,86.75433086,85.66142187,85.2580618,88.9370287,63.75558227,84.60680157,79.66978568,94.77526909,82.20175659,80.89954917,93.11591345
40581,110010095083,63.49362907,89.81694449,89.87234709,89.70748397,89.40108662,91.73624282,64.24096234,87.23534519,82.14084899,96.14355438,86.41173847,85.00484406,82.82759395
40582,110010095091,67.92221435,90.69345993,78.66588709,71.87078891,75.06423499,89.06383275,63.1683509,78.87926751,74.78354868,90.40468399,72.47811675,71.89924687,77.15206676
40583,110010095092,67.41441877,88.22052629,77.41809195,70.74365397,73.67962657,86.3084749,62.88035128,78.27507731,74.69132214,89.84623664,71.27586542,70.75998397,76.28260158
40584,110010095093,65.94465008,83.16045521,73.76657482,67.55360967,69.88223442,76.91681821,62.49634695,74.98253699,71.64164633,87.35234214,68.12263386,67.7657718,73.81277175
40585,110010096011,73.34559,99.29292007,95.78105998,93.79378931,96.43675062,99.51040599,78.8639988,95.43667841,96.4813529,95.91779269,94.53046699,93.45142416,91.44620467
40586,110010096021,95.97315306,93.6073443,94.6531037,91.69969236,94.9211587,99.81062136,78.52791612,95.73829091,93.47723702,96.38285869,92.36974505,91.43180966,98.50695564
40587,110010096022,76.90843187,97.14038002,95.46272349,92.96845697,95.87540048,76.87692235,80.579898,96.08151568,94.23297826,96.82781013,93.59826703,92.70717099,92.25186874
40588,110010096031,97.73512831,97.48580651,95.46406006,92.90277148,93.4064311,98.18081803,81.0343676,96.38770601,92.10913922,97.3914182,93.51757592,92.61668291,99.23847399
40589,110010096032,98.83378915,87.76802095,78.93904719,71.99606244,72.51312032,94.48151908,77.83201255,86.40529849,80.20658745,90.2999913,72.12788956,72.00999795,95.61586679
40590,110010096033,97.91289573,96.25439706,90.05753456,84.65449743,85.34409939,99.47655304,81.65319856,94.5166825,86.45462074,95.40260235,85.18354792,84.48922396,98.21140351
40591,110010096041,95.23951226,95.65748699,88.93842021,86.72254907,86.3355308,99.52078445,84.5500382,94.30804832,80.15874013,94.40255279,82.51260121,81.97282339,95.92396281
40592,110010096042,98.08498782,92.59462371,83.70782137,80.03191106,79.66286871,97.83704293,82.16474688,90.26346628,78.89502648,93.38494159,76.13543305,75.88418966,96.20574734
40593,110010097001,72.4001292,97.92397963,96.90906015,96.12219943,97.94191221,97.20504347,85.68828927,97.46034984,82.99065173,95.49487888,96.62306345,95.5091234,92.71115941
40594,110010097002,82.3256252,82.0499602,80.79478406,74.72369918,78.35034171,90.38245076,77.88782367,85.98007625,71.29275111,83.99946976,75.07877514,74.37612195,84.67069689
40595,110010098011,95.70156194,96.81280965,96.2805715,94.93581791,97.20132725,94.44131362,87.0940696,96.844791,83.28761934,94.69077571,95.54203201,94.32719677,98.97295848
40596,110010098021,16.24488857,94.4350149,90.49743641,86.35906059,90.47437612,92.02150428,83.53028738,92.99596085,78.21828378,90.20528532,87.05511256,85.71458198,63.67139863
40597,110010098022,16.24488857,94.33810689,89.67201413,85.15790462,89.4032378,89.96721362,81.9178299,92.16722354,78.1431442,89.71822773,85.84058332,84.58183178,63.67139863
40598,110010098031,68.23464583,84.47656534,85.12458353,84.22211528,83.89589234,92.9115422,81.67560978,90.51533796,74.62851154,89.01994463,80.31352604,79.28057257,81.83563575
40599,110010098032,97.79146028,88.81955364,85.95464505,85.32201988,84.94592978,86.53093777,85.06572712,90.16182071,76.32179385,88.27187039,81.32843764,80.25881228,97.32046013
40600,110010098033,95.5174802,90.17419601,87.34597287,87.10497504,86.72721698,95.77293096,82.61546215,91.34407009,77.11451618,89.53826225,83.11908422,81.92381035,96.21167387
40601,110010098041,69.92596208,94.57432477,94.40460386,92.31618609,95.40260041,96.30076628,83.66322643,96.79000712,80.06534414,94.95395201,93.10014593,91.72767778,89.23712717
40602,110010098042,71.79392842,84.21762847,83.40405142,77.51147149,81.49448678,88.19950806,80.43794015,89.92032779,72.57791735,88.51866305,78.04398427,77.15459841,81.94955389
40603,110010098071,94.53896432,87.45250456,80.04384013,75.00808104,78.63854425,96.29398264,78.36239233,85.6289662,74.6566577,84.51179378,75.39932216,74.61296582,92.48398803
40604,110010098072,96.37974573,99.32429962,94.80932123,93.8618586,96.48070354,96.55673496,83.00289438,95.33876649,87.32966735,95.18592985,94.61111035,93.26403172,98.97521629
40605,110010098101,97.98244869,91.99563112,92.89667127,90.38103041,93.85377459,88.4727957,85.37777008,94.13622421,82.65845903,92.64968501,91.17690686,89.62305331,99.02166003
40606,110010098102,97.83081626,91.80906383,90.19289177,86.46270003,90.56855413,93.30130857,84.98788106,92.13854904,81.30361209,90.99958105,87.16421701,85.78292914,98.4484436
40607,110010098111,95.78846983,98.27322179,95.31597684,96.58881334,96.34688656,93.01940393,83.70821708,95.56602871,84.50991338,95.14890058,94.41582274,93.0462113,98.78331787
40608,110010098112,88.5392605,96.39918898,97.08799316,98.20854011,98.09391396,96.50069201,82.4075795,96.8735097,85.67136929,95.77513085,96.8621607,95.74990851,97.5618497
40609,110010099011,86.28372219,90.72663725,83.67004456,76.55326149,80.39464223,93.95058562,80.97562229,94.27843302,69.30706224,91.48436436,76.90080245,76.39267387,87.84271664
40610,110010099012,62.44133637,91.94926787,86.28928614,79.56240086,83.71190058,85.9021844,78.73962519,93.98847847,70.1342414,93.02448596,79.9824612,79.36867116,79.56858795
40611,110010099021,64.70897011,89.4435645,79.77157269,73.93351687,74.49375391,91.30308473,78.23481886,87.31466322,67.91097497,87.42809906,74.1440747,73.74233709,77.35270652
40612,110010099022,70.74626902,97.87060422,89.92539224,86.03339801,86.68980327,95.92116996,81.16409999,94.85375788,73.10558451,93.3407075,86.57587229,85.65244834,86.0549762
40613,110010099031,16.24488857,79.51674966,85.02378977,79.90982436,80.52232883,93.38315829,75.74592397,87.31362821,86.93407505,88.30042386,80.42391561,79.5778706,63.67139863
40614,110010099032,16.24488857,91.69430214,81.01051432,75.36674429,76.00903119,90.90662604,74.96303495,85.14315062,83.52791475,85.54062881,75.70785482,75.12806102,63.67139863
40615,110010099041,16.24488857,85.96618883,86.92905784,82.25092666,82.90329845,92.7668732,76.66620183,90.82724172,86.36261371,90.78457097,82.82087808,81.95001465,63.67139863
40616,110010099042,59.17769005,94.2172391,95.04291949,93.64888226,94.11650895,94.16685858,79.2973547,95.90017344,91.98858848,95.54456514,94.30811192,93.22303198,85.86784736
40617,110010099051,16.24488857,85.90250022,81.82666236,76.38618926,77.05238033,86.07855672,75.5688058,86.31925672,83.42476407,86.67697193,76.77324502,76.13551366,63.67139863
40618,110010099052,16.24488857,92.1065238,83.12062899,77.79284426,78.44287768,89.38922998,75.91569037,86.68655834,84.36224295,87.62154528,78.24793782,77.52347794,63.67139863
40619,110010099053,68.15245722,92.51606876,88.33932101,84.24495087,84.96133837,90.81635913,77.75964451,91.26949055,85.30286528,91.87955699,84.86577606,83.89565352,84.18030166
40620,110010099061,80.6212032,97.27100465,92.3047622,89.58964812,90.26521343,97.51668093,78.7740302,94.70289157,90.1678012,94.16399814,90.29546702,89.1695219,91.88906902
40621,110010099071,54.26163897,89.7693941,79.2850073,73.49010959,74.04952348,76.41806694,75.55418929,86.75202248,74.77276262,87.30306257,73.68259479,73.38325701,73.96000226
40622,110010099072,77.69588007,99.67757054,94.86965224,93.28852696,93.78818391,92.30369146,79.2623313,96.4111082,89.97182768,96.12499127,93.93569731,92.89062715,92.70656451
40623,110010101001,95.34281659,20.53772081,10.01775717,24.6725642,24.45690132,0.178127093,32.29604361,12.48315076,17.31045836,0.198721562,35.96091759,35.37299112,1.520878652
40624,110010101002,94.51583864,79.5481225,74.77670683,68.17396217,68.02930329,96.27329287,74.61225234,76.82469333,70.57310869,95.86343075,66.53377334,66.31137362,84.93957778
40625,110010102001,87.79418917,38.62127321,26.50145427,41.96853439,41.51850497,0.223895639,44.65195489,15.50181683,36.19394707,1.268817048,49.13440772,48.88564682,10.73647932
40626,110010102002,80.13781952,42.80069735,14.79263004,29.38815726,29.09555419,0.574061733,41.58993419,8.476685127,28.11662844,0.497658893,40.33154596,39.76176243,9.964501697
40627,110010103001,87.43649834,83.97412589,71.31736152,68.28664872,68.1308263,85.4119903,76.44283674,70.91256871,63.67616546,86.98070872,66.7585368,66.40172466,79.9434078
40628,110010103002,86.54011072,86.73888868,79.76062684,77.4718749,77.24830025,89.10587984,77.29494472,77.05887716,66.83997678,94.49310409,74.60040174,73.70714534,86.14065977
40629,110010103003,78.18860964,90.25947166,83.04707777,81.42606139,81.0395861,91.68734559,78.34202079,79.75597227,68.95321299,94.15628998,78.24288416,77.08650889,84.32438873
40630,110010104001,73.081147,99.52259986,96.4326833,95.32675776,97.41568985,99.53797772,82.16088511,97.74850936,82.55118568,96.97201244,95.87061839,94.76312036,92.33218762
40631,110010104002,60.46797585,99.5475471,96.95151006,96.13253036,97.94444784,99.35365563,81.86938687,98.33596807,82.28582321,97.71226755,96.64484626,95.58834895,88.37758619
40632,110010105001,97.01612459,86.35535645,92.59108854,89.16842615,88.85097502,99.72495854,70.34756366,96.73174324,80.23451381,99.0362337,85.41416711,84.36063409,97.64477303
40633,110010105002,88.42589996,20.20473273,9.82293358,22.79026161,22.591946,0.026451728,43.420602,5.350778331,22.52069,0.409746783,34.47174807,33.70390424,3.900277901
40634,110010106001,98.73908774,90.75585836,82.63871992,75.8851366,75.68395397,92.21614119,71.57572077,87.74667841,81.21474698,95.86483342,72.77998695,72.40305009,95.63317173
40635,110010106002,98.33093326,12.58512559,1.257831863,4.612960312,4.592039928,0.657183871,40.42257931,2.011985431,3.532174483,0.096840327,10.71406662,10.05382788,0.064000489
40636,110010106003,96.31123815,76.68147634,71.74001578,66.03927474,65.96320375,84.39967416,69.17975405,79.25800577,71.64547663,90.8214417,64.82793954,64.70010183,84.49259138
40637,110010107001,93.76123851,50.33558735,56.62951022,57.6300302,57.62805462,31.22503078,44.33795611,56.13088696,57.08476594,22.48834648,58.58463318,58.58929805,36.14728718
40638,110010107002,87.35538224,51.0902829,57.47428278,57.91322001,57.91019201,38.28291195,46.42639131,57.26575668,57.62495962,30.81474606,58.77864436,58.77754216,42.24103665
40639,110010108001,96.10586417,76.09304786,84.50630263,77.9051427,77.66620643,96.84897001,78.66182039,83.74667404,70.18169362,99.31785329,74.75374462,74.05336588,93.35583114
40640,110010108002,91.05954211,83.84168885,87.2513659,81.21179055,80.80886676,96.24875596,78.19873957,86.55893722,75.04817033,99.21843626,77.7356023,76.86250255,90.93397637
40641,110010108003,95.83045403,70.37392862,65.34646643,61.73048865,61.67927517,81.53538008,72.97937708,67.27456045,61.00025773,88.19773199,61.538466,61.48977106,77.04511535
40642,110010109001,90.33946313,93.20214637,94.28628753,93.37887363,96.14504997,88.68008861,84.18829594,94.7700977,87.46722731,95.16108687,94.14248525,92.7146287,97.028877
40643,110010109002,73.22889792,96.71147565,92.55009867,90.99448578,94.31485993,95.76602068,83.58323142,92.77441054,89.46824499,93.21869525,91.75697164,90.18637312,89.68369286
40644,110010110001,73.50152009,76.93908614,75.09723108,70.54050459,70.33566043,77.88404959,69.07399337,86.25894873,65.0049204,91.75554728,68.28638571,68.03359987,76.13606036
40645,110010110002,74.67554549,29.41434345,17.47539953,28.79147296,28.51643301,11.83680126,39.83017004,7.780808305,39.95003363,0.884064149,39.94715139,39.32661425,12.59076067
40646,110010110003,87.64814823,24.23682758,16.11744433,27.09377645,26.86938231,5.647933195,40.18479809,7.247930424,38.50729166,0.601614721,38.55033918,37.87355389,5.294777751
40647,110010110004,89.79759819,43.25211707,20.92478099,32.79211691,32.47650477,9.478986463,43.22431281,8.336495728,41.63871861,1.061015753,43.04384461,42.53755301,5.782899616
40648,110010111001,92.04344765,94.07174813,84.84875762,82.5572109,82.24038415,93.84798057,74.47180647,86.55540966,84.59478449,91.96604234,78.79108826,78.09979278,92.2479546
40649,110010111002,87.69839361,97.98807188,91.87280168,91.7443465,91.48178988,95.81372696,74.22817548,91.72675449,89.54753131,96.29434386,88.31222491,87.2235268,93.92470206
40650,110010111003,88.79311226,92.24785918,91.2010293,90.86309223,90.54803953,95.45946523,75.77625459,92.76026155,89.97008173,96.53813057,87.22050267,86.18858876,94.00239608
